timestamp,Pond_ID,Fish_Species,pH,Temperature,TDS,Turbidity,Distance,Red,Green,Blue,Clear,Water_Type
2026-06-19T17:39:09.106200,1,Tengra,7.08,26.4,800.0,2.79,0.5,252,252,252,252,Clear
2026-06-19T17:39:10.106277,1,Tengra,7.13,26.3,800.0,2.81,0.65,252,252,252,252,Clear
2026-06-19T17:39:11.106357,1,Tengra,7.12,26.3,800.0,2.89,0.53,252,252,252,252,Clear
2026-06-19T17:39:12.106451,1,Tengra,7.14,26.2,800.0,2.9,0.62,252,252,252,252,Clear
2026-06-19T17:39:13.106540,1,Tengra,7.13,26.2,800.0,2.91,0.53,252,252,252,252,Clear
2026-06-19T17:39:14.106617,1,Tengra,7.13,26.2,800.0,2.92,0.64,252,252,252,252,Clear
2026-06-19T17:39:15.106696,1,Tengra,7.14,26.2,800.0,2.92,0.53,252,252,252,252,Clear
2026-06-19T17:39:16.106780,1,Tengra,7.13,26.2,800.0,2.91,0.54,252,252,252,252,Clear
2026-06-19T17:39:17.106872,1,Tengra,7.13,26.1,800.0,2.93,0.53,252,252,252,252,Clear
2026-06-19T17:39:18.106964,1,Tengra,7.14,26.1,800.0,2.89,0.54,252,252,252,252,Clear
2026-06-19T17:39:19.107056,1,Tengra,7.13,26.0,800.0,2.92,0.54,252,252,252,252,Clear
2026-06-19T17:39:20.107141,1,Tengra,7.14,26.0,800.0,2.92,0.49,252,252,252,252,Clear
2026-06-19T17:39:21.107222,1,Tengra,7.16,26.2,800.0,3.07,0.75,252,252,252,252,Contaminated
2026-06-19T17:39:22.107278,1,Tengra,7.15,26.2,800.0,3.05,0.75,252,252,252,252,Contaminated
2026-06-19T17:39:23.107360,1,Tengra,7.17,26.2,800.0,3.05,0.49,252,252,252,252,Contaminated
2026-06-19T17:39:24.107451,1,Tengra,7.18,26.2,800.0,3.09,0.62,252,252,252,252,Contaminated
2026-06-19T17:39:25.107541,1,Tengra,7.21,26.2,800.0,2.99,0.6,252,252,252,252,Clear
2026-06-19T17:39:26.107624,1,Tengra,7.21,26.2,800.0,2.94,0.59,252,252,252,252,Clear
2026-06-19T17:39:27.107710,1,Tengra,7.21,26.2,800.0,3.0,0.61,252,252,252,252,Clear
2026-06-19T17:39:28.107791,1,Tengra,7.14,26.2,800.0,2.94,0.58,252,252,252,252,Clear
2026-06-19T17:39:29.107875,1,Tengra,7.15,26.2,800.0,2.92,0.58,252,252,252,252,Clear
2026-06-19T17:39:30.107958,1,Tengra,7.13,26.2,800.0,2.94,0.52,252,252,252,252,Clear
2026-06-19T17:39:31.108045,1,Tengra,7.14,26.2,800.0,3.02,0.55,252,252,252,252,Contaminated
2026-06-19T17:39:32.108128,1,Tengra,7.2,26.1,800.0,3.21,0.51,252,252,252,252,Contaminated
2026-06-19T17:39:33.108213,1,Tengra,7.2,26.0,800.0,3.17,0.65,252,252,252,252,Contaminated
2026-06-19T17:39:34.108301,1,Tengra,7.22,26.1,800.0,3.17,0.71,252,252,252,252,Contaminated
2026-06-19T17:39:35.108387,1,Tengra,7.29,25.9,800.0,3.22,0.7,252,252,252,252,Contaminated
2026-06-19T17:39:36.108476,1,Tengra,7.34,25.8,800.0,3.33,0.68,252,252,252,252,Contaminated
2026-06-19T17:39:37.108566,1,Tengra,7.25,25.9,800.0,3.21,0.44,252,252,252,252,Contaminated
2026-06-19T17:39:38.108653,1,Tengra,7.27,25.7,800.0,3.29,0.5,252,252,252,252,Contaminated
2026-06-19T17:39:39.108731,1,Tengra,7.25,25.7,800.0,3.28,0.43,252,252,252,252,Contaminated
2026-06-19T17:39:40.108808,1,Tengra,7.27,25.4,800.0,3.31,0.4,252,252,252,252,Contaminated
2026-06-19T17:39:41.108889,1,Tengra,7.37,25.7,800.0,3.61,0.41,252,252,252,252,Contaminated
2026-06-19T17:39:42.108972,1,Tengra,7.42,25.5,800.0,3.45,0.42,252,252,252,252,Contaminated
2026-06-19T17:39:43.109057,1,Tengra,7.26,25.9,800.0,3.26,0.42,252,252,252,252,Contaminated
2026-06-19T17:39:44.109139,1,Tengra,7.26,25.9,800.0,3.23,0.48,252,252,252,252,Contaminated
2026-06-19T17:39:45.109216,1,Tengra,7.19,25.9,800.0,3.12,0.42,252,252,252,252,Contaminated
2026-06-19T17:39:46.109295,1,Tengra,7.23,25.8,800.0,3.31,0.39,252,252,252,252,Contaminated
2026-06-19T17:39:47.109382,1,Tengra,7.26,25.8,800.0,3.55,0.42,252,252,252,252,Contaminated
2026-06-19T17:39:48.109467,1,Tengra,7.31,25.9,800.0,3.45,0.42,252,252,252,252,Contaminated
2026-06-19T17:39:49.109552,1,Tengra,7.27,26.0,800.0,3.3,0.42,252,252,252,252,Contaminated
2026-06-19T17:39:50.109640,1,Tengra,7.21,26.1,800.0,3.25,0.43,252,252,252,252,Contaminated
2026-06-19T17:39:51.109728,1,Tengra,7.19,26.0,800.0,3.19,0.41,252,252,252,252,Contaminated
2026-06-19T17:39:52.109812,1,Tengra,7.2,25.8,800.0,3.28,0.43,252,252,252,252,Contaminated
2026-06-19T17:39:53.109850,1,Tengra,7.24,25.9,800.0,3.5,0.42,252,252,252,252,Contaminated
2026-06-19T17:39:54.109928,1,Tengra,7.3,25.9,800.0,3.48,0.43,252,252,252,252,Contaminated
2026-06-19T17:39:55.110021,1,Tengra,7.4,25.8,800.0,3.6,0.42,252,252,252,252,Contaminated
2026-06-19T17:39:56.110123,1,Tengra,7.32,25.8,800.0,3.58,0.49,252,252,252,252,Contaminated
2026-06-19T17:39:57.110212,1,Tengra,7.3,25.6,800.0,3.48,0.42,252,252,252,252,Contaminated
2026-06-19T17:39:58.110293,1,Tengra,7.29,25.6,800.0,3.42,0.43,252,252,252,252,Contaminated
2026-06-19T17:39:59.110377,1,Tengra,7.34,25.8,800.0,3.64,0.41,252,252,252,252,Contaminated
2026-06-19T17:40:00.110439,1,Tengra,7.4,25.8,800.0,3.55,0.43,252,252,252,252,Contaminated
2026-06-19T17:40:01.110524,1,Tengra,7.34,25.7,800.0,3.49,0.38,252,252,252,252,Contaminated
2026-06-19T17:40:02.110612,1,Tengra,7.33,25.7,800.0,3.56,0.39,252,252,252,252,Contaminated
2026-06-19T17:40:03.110693,1,Tengra,7.35,25.6,800.0,3.67,0.38,252,252,252,252,Contaminated
2026-06-19T17:40:04.110786,1,Tengra,7.33,26.0,800.0,3.36,0.41,252,252,252,252,Contaminated
2026-06-19T17:40:05.110879,1,Tengra,7.26,26.1,800.0,3.35,0.38,252,252,252,252,Contaminated
2026-06-19T17:40:06.110984,1,Tengra,7.21,26.2,800.0,3.29,0.38,252,252,252,252,Contaminated
2026-06-19T17:40:07.111073,1,Tengra,7.2,26.0,800.0,3.28,0.38,252,252,252,252,Contaminated
2026-06-19T17:40:08.111129,1,Tengra,7.23,25.9,800.0,3.27,0.37,252,252,252,252,Contaminated
2026-06-19T17:40:09.111227,1,Tengra,7.25,26.1,800.0,3.5,0.37,252,252,252,252,Contaminated
2026-06-19T17:40:10.111323,1,Tengra,7.27,26.1,800.0,3.33,0.36,252,252,252,252,Contaminated
2026-06-19T17:40:11.111403,1,Tengra,7.29,26.0,800.0,3.42,0.4,252,252,252,252,Contaminated
2026-06-19T17:40:12.113120,1,Tengra,7.26,25.8,800.0,3.35,0.34,252,252,252,252,Contaminated
2026-06-19T17:40:13.113205,1,Tengra,7.27,26.4,800.0,3.37,0.37,252,252,252,252,Contaminated
2026-06-19T17:40:14.113291,1,Tengra,7.22,26.5,800.0,3.07,0.36,252,252,252,252,Contaminated
2026-06-19T17:40:15.113383,1,Tengra,7.2,26.4,800.0,3.06,0.39,252,252,252,252,Contaminated
2026-06-19T17:40:16.113473,1,Tengra,7.19,26.3,800.0,3.04,0.38,252,252,252,252,Contaminated
2026-06-19T17:40:17.113555,1,Tengra,7.16,26.5,800.0,3.13,0.34,252,252,252,252,Contaminated
2026-06-19T17:40:18.113639,1,Tengra,7.25,26.5,800.0,2.95,0.35,252,252,252,252,Clear
2026-06-19T17:40:19.113734,1,Tengra,7.13,26.8,800.0,2.83,0.33,252,252,252,252,Clear
2026-06-19T17:40:20.113821,1,Tengra,7.13,26.5,800.0,2.92,0.31,252,252,252,252,Clear
2026-06-19T17:40:21.113901,1,Tengra,7.2,26.9,800.0,2.97,0.33,252,252,252,252,Clear
2026-06-19T17:40:22.113987,1,Tengra,7.16,26.9,800.0,2.89,0.35,252,252,252,252,Clear
2026-06-19T17:40:23.114072,1,Tengra,7.11,27.0,800.0,2.88,0.34,252,252,252,252,Clear
2026-06-19T17:40:24.114154,1,Tengra,7.11,26.7,800.0,2.9,0.35,252,252,252,252,Clear
2026-06-19T17:40:25.114236,1,Tengra,7.15,27.0,800.0,2.99,0.35,252,252,252,252,Clear
2026-06-19T17:40:26.114318,1,Tengra,7.17,27.0,800.0,2.87,0.38,252,252,252,252,Clear
2026-06-19T17:40:27.114397,1,Tengra,7.12,27.1,800.0,2.87,0.33,252,252,252,252,Clear
2026-06-19T17:40:28.114529,1,Tengra,7.11,26.9,800.0,2.87,0.34,252,252,252,252,Clear
2026-06-19T17:40:29.114605,1,Tengra,7.11,26.9,800.0,2.79,0.36,252,252,252,252,Clear
2026-06-19T17:40:30.114682,1,Tengra,7.17,27.2,800.0,2.82,0.34,252,252,252,252,Clear
2026-06-19T17:40:31.114760,1,Tengra,7.1,27.2,800.0,2.8,0.37,252,252,252,252,Clear
2026-06-19T17:40:32.114838,1,Tengra,7.09,26.9,800.0,2.68,0.37,252,252,252,252,Clear
2026-06-19T17:40:33.114917,1,Tengra,7.1,27.2,800.0,2.83,0.37,252,252,252,252,Clear
2026-06-19T17:40:34.115001,1,Tengra,7.18,27.3,800.0,2.78,0.37,252,252,252,252,Clear
2026-06-19T17:40:35.115091,1,Tengra,7.15,27.3,800.0,2.76,0.36,252,252,252,252,Clear
2026-06-19T17:40:36.115176,1,Tengra,7.11,27.3,800.0,2.78,0.37,252,252,252,252,Clear
2026-06-19T17:40:37.115265,1,Tengra,7.11,27.2,800.0,2.79,0.42,252,252,252,252,Clear
2026-06-19T17:40:38.115358,1,Tengra,7.17,27.2,800.0,2.93,0.34,252,252,252,252,Clear
2026-06-19T17:40:39.115449,1,Tengra,7.16,27.0,800.0,3.04,0.3,252,252,252,252,Contaminated
2026-06-19T17:40:40.115535,1,Tengra,7.14,26.9,800.0,2.93,0.38,252,252,252,252,Clear
2026-06-19T17:40:41.115625,1,Tengra,7.16,27.2,800.0,2.96,0.4,252,252,252,252,Clear
2026-06-19T17:40:42.115705,1,Tengra,7.15,26.9,800.0,3.0,0.35,252,252,252,252,Clear
2026-06-19T17:40:43.115789,1,Tengra,7.18,27.2,800.0,2.76,0.33,252,252,252,252,Clear
2026-06-19T17:40:44.115870,1,Tengra,7.17,26.9,800.0,2.63,0.31,252,252,252,252,Clear
2026-06-19T17:40:45.115958,1,Tengra,7.25,27.2,800.0,2.62,0.31,252,252,252,252,Clear
2026-06-19T17:40:46.116046,1,Tengra,7.2,27.2,800.0,2.74,0.31,252,252,252,252,Clear
2026-06-19T17:40:47.116143,1,Tengra,7.16,27.3,800.0,2.83,0.31,252,252,252,252,Clear
2026-06-19T17:40:48.116245,1,Tengra,7.22,27.4,800.0,2.68,0.32,252,252,252,252,Clear
2026-06-19T17:40:49.116328,1,Tengra,7.16,27.4,800.0,2.56,0.34,252,252,252,252,Clear
2026-06-19T17:40:50.116418,1,Tengra,7.21,27.4,800.0,2.63,0.41,252,252,252,252,Clear
2026-06-19T17:40:51.116512,1,Tengra,7.17,27.4,800.0,2.42,0.37,252,252,252,252,Clear
2026-06-19T17:40:52.116602,1,Tengra,7.14,27.5,800.0,2.58,0.34,252,252,252,252,Clear
2026-06-19T17:40:53.116686,1,Tengra,7.17,27.6,800.0,2.61,0.32,252,252,252,252,Clear
2026-06-19T17:40:54.116761,1,Tengra,7.19,27.6,800.0,2.33,0.34,252,252,252,252,Clear
2026-06-19T17:40:55.116845,1,Tengra,7.22,27.7,800.0,2.75,0.34,252,252,252,252,Clear
2026-06-19T17:40:56.116927,1,Tengra,7.19,27.8,800.0,2.65,0.35,252,252,252,252,Clear
2026-06-19T17:40:57.117017,1,Tengra,7.13,27.7,800.0,2.52,0.35,252,252,252,252,Clear
2026-06-19T17:40:58.117105,1,Tengra,7.11,27.8,800.0,2.52,0.36,252,252,252,252,Clear
2026-06-19T17:40:59.117219,1,Tengra,7.11,28.1,800.0,2.66,0.45,252,252,252,252,Clear
2026-06-19T17:41:00.117306,1,Tengra,7.12,27.9,800.0,2.5,0.49,252,252,252,252,Clear
2026-06-19T17:41:01.117399,1,Tengra,7.18,28.2,800.0,2.59,0.48,252,252,252,252,Clear
2026-06-19T17:41:02.117486,1,Tengra,7.12,28.2,800.0,2.62,0.48,252,252,252,252,Clear
2026-06-19T17:41:03.117570,1,Tengra,7.13,28.3,800.0,2.5,0.48,252,252,252,252,Clear
2026-06-19T17:41:04.117657,1,Tengra,7.14,28.4,800.0,2.69,0.46,252,252,252,252,Clear
2026-06-19T17:41:05.117740,1,Tengra,7.13,28.2,800.0,2.52,0.53,252,252,252,252,Clear
2026-06-19T17:41:06.117824,1,Tengra,7.16,28.5,800.0,2.68,0.34,252,252,252,252,Clear
2026-06-19T17:41:07.117905,1,Tengra,7.12,28.4,800.0,2.62,0.37,252,252,252,252,Clear
2026-06-19T17:41:08.117995,1,Tengra,7.11,28.6,800.0,2.65,0.37,252,252,252,252,Clear
2026-06-19T17:41:09.118081,1,Tengra,7.17,28.7,800.0,2.67,0.37,252,252,252,252,Clear
2026-06-19T17:41:10.118172,1,Tengra,7.14,28.7,800.0,2.78,0.45,252,252,252,252,Clear
2026-06-19T17:41:11.118268,1,Tengra,7.11,28.5,800.0,2.68,0.59,252,252,252,252,Clear
2026-06-19T17:41:12.118362,1,Tengra,7.13,28.8,800.0,2.72,0.37,252,252,252,252,Clear
2026-06-19T17:41:13.118457,1,Tengra,7.17,28.9,800.0,2.74,0.37,252,252,252,252,Clear
2026-06-19T17:41:14.118553,1,Tengra,7.16,28.9,800.0,2.71,0.36,252,252,252,252,Clear
2026-06-19T17:41:15.118641,1,Tengra,7.17,28.8,800.0,2.71,0.37,252,252,252,252,Clear
2026-06-19T17:41:16.118771,1,Tengra,7.15,28.6,800.0,2.74,0.37,252,252,252,252,Clear
2026-06-19T17:41:17.118856,1,Tengra,7.11,28.7,800.0,2.68,0.38,252,252,252,252,Clear
2026-06-19T17:41:18.118925,1,Tengra,7.12,29.0,800.0,2.58,0.37,252,252,252,252,Clear
2026-06-19T17:41:19.119007,1,Tengra,7.14,28.9,800.0,2.64,0.37,252,252,252,252,Clear
2026-06-19T17:41:20.119097,1,Tengra,7.19,29.0,800.0,2.61,0.35,252,252,252,252,Clear
2026-06-19T17:41:21.119183,1,Tengra,7.14,29.1,800.0,2.61,0.44,252,252,252,252,Clear
2026-06-19T17:41:22.119272,1,Tengra,7.11,29.1,800.0,2.5,0.39,252,252,252,252,Clear
2026-06-19T17:41:23.119360,1,Tengra,7.17,29.2,800.0,2.39,0.39,252,252,252,252,Clear
2026-06-19T17:41:24.119460,1,Tengra,7.12,28.9,800.0,2.43,0.34,252,252,252,252,Clear
2026-06-19T17:41:25.119549,1,Tengra,7.13,29.2,800.0,2.42,0.33,252,252,252,252,Clear
2026-06-19T17:41:26.119627,1,Tengra,7.12,29.2,800.0,2.37,0.21,252,252,252,252,Clear
2026-06-19T17:41:27.119718,1,Tengra,7.13,29.2,800.0,2.59,0.21,252,252,252,252,Clear
2026-06-19T17:41:28.119802,1,Tengra,7.18,29.4,800.0,2.42,0.33,252,252,252,252,Clear
2026-06-19T17:41:29.119892,1,Tengra,7.18,29.4,800.0,2.42,0.44,252,252,252,252,Clear
2026-06-19T17:41:30.119968,1,Tengra,7.14,29.4,800.0,2.32,0.59,252,252,252,252,Clear
2026-06-19T17:41:31.120053,1,Tengra,7.2,29.4,800.0,2.5,0.48,252,252,252,252,Clear
2026-06-19T17:41:32.120141,1,Tengra,7.2,29.4,800.0,2.48,0.52,252,252,252,252,Clear
2026-06-19T17:41:33.120235,1,Tengra,7.17,29.4,800.0,2.48,0.37,252,252,252,252,Clear
2026-06-19T17:41:34.120325,1,Tengra,7.22,29.5,800.0,2.41,0.47,252,252,252,252,Clear
2026-06-19T17:41:35.120428,1,Tengra,7.14,29.4,800.0,2.42,0.57,252,252,252,252,Clear
2026-06-19T17:41:36.120514,1,Tengra,7.14,29.3,800.0,2.42,0.45,252,252,252,252,Clear
2026-06-19T17:41:37.120601,1,Tengra,7.16,29.5,800.0,2.69,0.51,252,252,252,252,Clear
2026-06-19T17:41:38.120695,1,Tengra,7.13,29.4,800.0,2.52,0.39,252,252,252,252,Clear
2026-06-19T17:41:39.120782,1,Tengra,7.16,29.7,800.0,2.36,0.36,252,252,252,252,Clear
2026-06-19T17:41:40.120873,1,Tengra,7.1,29.6,800.0,2.43,0.43,252,252,252,252,Clear
2026-06-19T17:41:41.120962,1,Tengra,7.12,29.4,800.0,2.54,0.48,252,252,252,252,Clear
2026-06-19T17:41:42.121052,1,Tengra,7.12,29.7,800.0,2.55,0.43,252,252,252,252,Clear
2026-06-19T17:41:43.121135,1,Tengra,7.14,29.5,800.0,2.63,0.35,252,252,252,252,Clear
2026-06-19T17:41:44.121215,1,Tengra,7.17,29.6,800.0,2.65,0.33,252,252,252,252,Clear
2026-06-19T17:41:45.121304,1,Tengra,7.1,29.6,800.0,2.46,0.31,252,252,252,252,Clear
2026-06-19T17:41:46.121397,1,Tengra,7.12,29.7,800.0,2.8,0.31,252,252,252,252,Clear
2026-06-19T17:41:47.121489,1,Tengra,7.11,29.5,800.0,2.56,0.31,252,252,252,252,Clear
2026-06-19T17:41:48.121584,1,Tengra,7.16,29.5,800.0,2.85,0.32,252,252,252,252,Clear
2026-06-19T17:41:49.121674,1,Tengra,7.16,29.3,800.0,2.72,0.32,252,252,252,252,Clear
2026-06-19T17:41:50.121771,1,Tengra,7.17,29.5,800.0,2.88,0.34,252,252,252,252,Clear
2026-06-19T17:41:51.121856,1,Tengra,7.21,29.6,800.0,2.72,0.33,252,252,252,252,Clear
2026-06-19T17:41:52.121939,1,Tengra,7.17,29.4,800.0,2.93,0.29,252,252,252,252,Clear
2026-06-19T17:41:53.122022,1,Tengra,7.16,29.4,800.0,2.71,0.34,252,252,252,252,Clear
2026-06-19T17:41:54.122104,1,Tengra,7.2,29.3,800.0,2.78,0.44,252,252,252,252,Clear
2026-06-19T17:41:55.122185,1,Tengra,7.29,29.2,800.0,2.77,0.36,252,252,252,252,Clear
2026-06-19T17:41:56.122275,1,Tengra,7.23,28.9,800.0,2.75,0.37,252,252,252,252,Clear
2026-06-19T17:41:57.122371,1,Tengra,7.24,29.1,800.0,2.7,0.4,252,252,252,252,Clear
2026-06-19T17:41:58.122546,1,Tengra,7.27,29.1,800.0,2.7,0.33,252,252,252,252,Clear
2026-06-19T17:41:59.122656,1,Tengra,7.21,29.2,800.0,2.73,0.37,252,252,252,252,Clear
2026-06-19T17:42:00.122754,1,Tengra,7.28,29.1,800.0,2.77,0.36,252,252,252,252,Clear
2026-06-19T17:42:01.122836,1,Tengra,7.32,29.0,800.0,2.68,0.41,252,252,252,252,Clear
2026-06-19T17:42:02.122916,1,Tengra,7.26,29.0,800.0,2.68,0.52,252,252,252,252,Clear
2026-06-19T17:42:03.123000,1,Tengra,7.33,28.9,800.0,2.98,0.42,252,252,252,252,Clear
2026-06-19T17:42:04.123080,1,Tengra,7.25,29.1,800.0,2.77,0.41,252,252,252,252,Clear
2026-06-19T17:42:05.123164,1,Tengra,7.21,29.0,800.0,2.84,0.33,252,252,252,252,Clear
2026-06-19T17:42:06.123242,1,Tengra,7.22,29.1,800.0,2.67,0.38,252,252,252,252,Clear
2026-06-19T17:42:07.123327,1,Tengra,7.21,28.8,800.0,2.71,0.47,252,252,252,252,Clear
2026-06-19T17:42:08.123411,1,Tengra,7.25,29.1,800.0,2.82,0.32,252,252,252,252,Clear
2026-06-19T17:42:09.123496,1,Tengra,7.24,28.9,800.0,2.8,0.39,252,252,252,252,Clear
2026-06-19T17:42:10.123590,1,Tengra,7.3,29.0,800.0,2.73,0.39,252,252,252,252,Clear
2026-06-19T17:42:11.123684,1,Tengra,7.23,28.8,800.0,2.72,0.39,252,252,252,252,Clear
2026-06-19T17:42:12.123776,1,Tengra,7.29,29.1,800.0,2.77,0.37,252,252,252,252,Clear
2026-06-19T17:42:13.123869,1,Tengra,7.23,29.1,800.0,2.8,0.37,252,252,252,252,Clear
2026-06-19T17:42:14.123964,1,Tengra,7.28,29.0,800.0,2.86,0.37,252,252,252,252,Clear
2026-06-19T17:42:15.124043,1,Tengra,7.24,28.7,800.0,2.83,0.43,252,252,252,252,Clear
2026-06-19T17:42:16.124127,1,Tengra,7.3,29.0,800.0,3.0,0.41,252,252,252,252,Clear
2026-06-19T17:42:17.124211,1,Tengra,7.3,29.1,800.0,2.88,0.32,252,252,252,252,Clear
2026-06-19T17:42:18.124291,1,Tengra,7.22,29.2,800.0,2.86,0.51,252,252,252,252,Clear
2026-06-19T17:42:19.124373,1,Tengra,7.25,29.2,800.0,3.0,0.44,252,252,252,252,Clear
2026-06-19T17:42:20.124462,1,Tengra,7.22,28.9,800.0,2.92,0.3,252,252,252,252,Clear
2026-06-19T17:42:21.124556,1,Tengra,7.22,28.9,800.0,2.9,0.4,252,252,252,252,Clear
2026-06-19T17:42:22.124647,1,Tengra,7.2,29.1,800.0,2.82,0.32,252,252,252,252,Clear
2026-06-19T17:42:23.124743,1,Tengra,7.21,29.0,800.0,2.85,0.45,252,252,252,252,Clear
2026-06-19T17:42:24.124805,1,Tengra,7.23,29.2,800.0,2.86,0.45,252,252,252,252,Clear
2026-06-19T17:42:25.124893,1,Tengra,7.24,28.9,800.0,2.84,0.34,252,252,252,252,Clear
2026-06-19T17:42:26.124980,1,Tengra,7.25,29.3,800.0,2.84,0.49,252,252,252,252,Clear
2026-06-19T17:42:27.125067,1,Tengra,7.26,29.3,800.0,2.94,0.59,252,252,252,252,Clear
2026-06-19T17:42:28.125155,1,Tengra,7.23,29.4,800.0,2.83,0.39,252,252,252,252,Clear
2026-06-19T17:42:29.125242,1,Tengra,7.22,29.4,800.0,2.88,0.42,252,252,252,252,Clear
2026-06-19T17:42:30.125325,1,Tengra,7.19,29.3,800.0,2.8,0.35,252,252,252,252,Clear
2026-06-19T17:42:31.125405,1,Tengra,7.19,29.3,800.0,2.85,0.31,252,252,252,252,Clear
2026-06-19T17:42:32.125491,1,Tengra,7.28,29.5,800.0,2.91,0.28,252,252,252,252,Clear
2026-06-19T17:42:33.125581,1,Tengra,7.21,29.3,800.0,2.93,0.29,252,252,252,252,Clear
2026-06-19T17:42:34.125671,1,Tengra,7.29,29.6,800.0,2.94,0.29,252,252,252,252,Clear
2026-06-19T17:42:35.125762,1,Tengra,7.21,29.6,800.0,3.01,0.29,252,252,252,252,Contaminated
2026-06-19T17:42:36.125851,1,Tengra,7.23,29.7,800.0,3.0,0.42,252,252,252,252,Clear
2026-06-19T17:42:37.125942,1,Tengra,7.21,29.8,800.0,3.03,0.42,252,252,252,252,Contaminated
2026-06-19T17:42:38.126027,1,Tengra,7.26,29.5,800.0,3.27,0.4,252,252,252,252,Contaminated
2026-06-19T17:42:39.126105,1,Tengra,7.23,29.6,800.0,3.22,0.36,252,252,252,252,Contaminated
2026-06-19T17:42:40.126184,1,Tengra,7.23,29.7,800.0,3.12,0.33,252,252,252,252,Contaminated
2026-06-19T17:42:41.126270,1,Tengra,7.27,29.6,800.0,3.16,0.47,252,252,252,252,Contaminated
2026-06-19T17:42:42.126350,1,Tengra,7.25,29.6,800.0,3.14,0.34,252,252,252,252,Contaminated
2026-06-19T17:42:43.126440,1,Tengra,7.36,29.4,800.0,3.41,0.32,252,252,252,252,Contaminated
2026-06-19T17:42:44.126529,1,Tengra,7.46,29.2,800.0,3.53,0.42,252,252,252,252,Contaminated
2026-06-19T17:42:45.126614,1,Tengra,7.38,28.9,800.0,3.42,0.38,252,252,252,252,Contaminated
2026-06-19T17:42:46.126710,1,Tengra,7.39,29.2,800.0,3.33,0.37,252,252,252,252,Contaminated
2026-06-19T17:42:47.126804,1,Tengra,7.47,29.1,800.0,3.35,0.43,252,252,252,252,Contaminated
2026-06-19T17:42:48.126904,1,Tengra,7.38,29.2,800.0,3.38,0.43,252,252,252,252,Contaminated
2026-06-19T17:42:49.126997,1,Tengra,7.41,29.3,800.0,3.39,0.3,252,252,252,252,Contaminated
2026-06-19T17:42:50.127083,1,Tengra,7.43,29.3,800.0,3.28,-0.0,252,252,252,252,Contaminated
2026-06-19T17:42:51.127167,1,Tengra,7.31,29.1,800.0,3.25,-0.0,252,252,252,252,Contaminated
2026-06-19T17:42:52.127253,1,Tengra,7.34,29.2,800.0,3.54,0.29,252,252,252,252,Contaminated
2026-06-19T17:42:53.127337,1,Tengra,7.44,29.0,800.0,3.66,0.4,252,252,252,252,Contaminated
2026-06-19T17:42:54.127434,1,Tengra,7.42,29.2,800.0,3.38,0.38,252,252,252,252,Contaminated
2026-06-19T17:42:55.127535,1,Tengra,7.32,29.5,800.0,3.3,0.41,252,252,252,252,Contaminated
2026-06-19T17:42:56.127624,1,Tengra,7.41,29.4,800.0,3.42,0.37,252,252,252,252,Contaminated
2026-06-19T17:42:57.127716,1,Tengra,7.28,29.2,800.0,3.13,0.48,252,252,252,252,Contaminated
2026-06-19T17:42:58.127805,1,Tengra,7.38,29.6,800.0,3.17,0.51,252,252,252,252,Contaminated
2026-06-19T17:42:59.127893,1,Tengra,7.23,29.5,800.0,3.06,0.47,252,252,252,252,Contaminated
2026-06-19T17:43:00.127987,1,Tengra,7.29,29.8,800.0,2.87,0.35,252,252,252,252,Clear
2026-06-19T17:43:01.128075,1,Tengra,7.26,29.4,800.0,2.91,0.56,252,252,252,252,Clear
2026-06-19T17:43:02.128158,1,Tengra,7.26,29.8,800.0,2.96,0.38,252,252,252,252,Clear
2026-06-19T17:43:03.128237,1,Tengra,7.26,29.8,800.0,3.02,0.53,252,252,252,252,Contaminated
2026-06-19T17:43:04.128321,1,Tengra,7.25,29.9,800.0,2.98,0.44,252,252,252,252,Clear
2026-06-19T17:43:05.128404,1,Tengra,7.2,29.8,800.0,2.85,0.27,252,252,252,252,Clear
2026-06-19T17:43:06.128494,1,Tengra,7.32,29.8,800.0,3.02,0.4,252,252,252,252,Contaminated
2026-06-19T17:43:07.128585,1,Tengra,7.34,29.7,800.0,3.4,0.38,252,252,252,252,Contaminated
2026-06-19T17:43:08.128670,1,Tengra,7.42,29.6,800.0,3.17,0.39,252,252,252,252,Contaminated
